config	seed	status	returncode	steps	sigma_initial	sigma_final	max_drop	terminal_drop	max_drop_preterminal	mean_drop	mean_abs_delta	mean_abs_delta_preterminal	auc_sigma	auc_per_step	max_fixed	fixed_frontier_max_drop	fixed_frontier_mean_drop	fixed_frontier_roughness	fixed_frontier_auc	fixed_frontier_auc_per_level	eta_mean	wall_seconds
certainty	1	sp-nonconvergence	255	3979	33.71301751	17.18253708	0.11248095000000191	0.0	0.11248095000000191	0.004154430869565217	0.07277997149283734	0.07277997149283734	102536.97869813502	25.769534731876103	2591	0.060256349999999514	0.0063929256619066005	0.007031272107294506	65596.43621546497	25.317034432830944	3.006532663316583	167.01189627000713
certainty	2	sat	0	13420	55.84535784	0.0	11.465506549947781	1.922906279e-12	11.465506549947781	0.0041613530432190755	0.060991426564828526	0.06099597171920388	366384.7189478377	27.30139485453336	6588	5.96270676	0.00847697271554312	0.014104405429568596	199623.7749306844	30.301119449102064	4.503986290142314	368.0241254950233
certainty	3	sat	0	13192	50.75094186	0.0	13.309586190000134	0.0	13.309586190000134	0.003847099898423287	0.055062023875075874	0.05506619808657425	363196.5814724995	27.53157834085048	6320	13.56658624	0.008030212319620252	0.014244211452531625	190186.430098415	30.09278957253402	4.4579701356780115	365.6084932659869
certainty	4	sat	0	12050	43.80869252	0.0	14.950581559983545	-2.886579864e-14	14.950581559983545	0.0036355761427385893	0.04738110559668046	0.04738503796497631	314575.09362277936	26.105816898155965	5876	1.9222617237500035	0.007455600318243708	0.008837364205241682	163313.15759063087	27.793253504191775	4.083478549497967	365.9945001620217
certainty	5	sat	0	14087	56.96930965	0.0	13.551196899975995	2.400502019e-11	13.551196899975995	0.0040441051785334	0.0613062106360476	0.06131056291565942	427193.80311493843	30.325392426701104	6419	0.40167395000000106	0.006719089428259854	0.00872747263748249	214357.15712717996	33.39416686823181	4.482467348097671	372.68866999002057
polarization	1	sat	0	10969	33.71301751	0.0	4.119627195990536	9.46343004e-12	4.119627195990536	0.003073481403044945	0.036927234902725946	0.0369306017184529	166674.91554292754	15.195087568869317	5558	0.0828972229999998	0.005210515629722922	0.006574972369557389	93893.37200494562	16.8933738763846	4.676754785779399	387.2981164990051
polarization	2	sat	0	8946	55.84535784	0.0	11.99670438999978	-1.72528658e-13	11.99670438999978	0.006242494728370221	0.07206466056785171	0.07207271698602584	265942.3571945694	29.727515894765194	4679	0.1057790400000016	0.00911772191493909	0.010052764881384891	147676.27998768483	31.561504592366923	4.752095674527775	379.5818825660099
polarization	3	sat	0	9307	50.75094186	0.0	11.728087649993773	6.227351967e-12	11.728087649993773	0.0054529861244224775	0.06272396615235824	0.06273070631635416	256568.55074426954	27.567266653515585	4765	0.1315379399999994	0.008026620824763903	0.009010297823714609	140360.59696957486	29.456578587528828	4.873442200257843	294.97697914598393
polarization	4	sat	0	9755	43.80869252	0.0	7.308384254996475	0.0	7.308384254996475	0.004490896209123526	0.05251404782860059	0.05251943167603022	197420.3201801664	20.237859577669543	5230	0.1830382085000002	0.006979047197896749	0.008327504984130006	115011.3362405489	21.99069526587933	4.768040180401804	393.61443206699914
polarization	5	sat	0	8106	56.96930965	0.0	19.08664766000005	-5.129230374e-14	19.08664766000005	0.007028042147791759	0.0709907102504314	0.07099946912893237	280548.145933934	34.60993658202986	4251	0.180372160000001	0.008811274206069161	0.00971316924253115	154235.05753432514	36.28206481635501	4.519797705686444	354.6979650550056
gamma001	1	sat	0	12552	33.71301751	0.0	7.890706545710125	-7.083222897e-14	7.890706545710125	0.0026858681891332057	0.032192831099585636	0.032195396061030904	212469.87987055117	16.927173348514273	6150	0.5996818149999994	0.004198749748943089	0.005319843880325197	114848.73590539867	18.674591204129865	3.7755118298414723	316.34932606399525
gamma001	2	sat	0	13308	55.84535784	0.0	10.707627709812005	-9.91429161e-14	10.707627709812005	0.004196374950405771	0.054967234651337814	0.0549713653520706	360350.33347501163	27.07772268372495	6355	11.198238539812005	0.008787687052713575	0.013452291446045421	193243.8552019653	30.408159748538996	4.432789841460666	355.9800181440078
gamma001	3	sat	0	10374	50.75094186	0.0	16.663325349968193	3.180899988e-11	16.663325349968193	0.004892128577212261	0.05364032010989022	0.05364549125807089	315058.56487463875	30.370017820959973	5464	3.554452691993639	0.00928823972547002	0.010208549956070278	176025.67182380514	32.21553291065248	3.934843373493976	307.2237426750071
gamma001	4	sat	0	10578	43.80869252	0.0	15.866028256526539	0.0	15.866028256526539	0.0041414910682548685	0.04653787861788621	0.04654227853077436	287445.86747103295	27.17393339676999	5332	16.88272090652654	0.008216246001480429	0.015400928652090534	152214.68768609213	28.547390788839486	3.7023348142546553	318.6950872449961
gamma001	5	sat	0	11159	56.96930965	0.0	17.408613829995744	4.256706099e-12	17.408613829995744	0.005105234308629806	0.059815770704364196	0.05982113150116471	372779.3594444678	33.40616179267567	5565	8.909252034997872	0.010237115865228345	0.01129351457861557	198617.56658803514	35.69048815598116	4.077150537634409	337.1392139569798
dynamic_i	1	sat	0	21244	33.71301751	0.0	6.597491054620727	6.742684189e-11	6.597491054620727	0.001586943019676144	0.03301151485501748	0.033013068849970524	325904.5181219419	15.34101478638401	7214	3.2987455279662865	0.004673276616292289	0.005400566616015053	129724.47609035189	17.982322718374256	4.542104024476347	437.19093182100914
dynamic_i	2	sat	0	17492	55.84535784	0.0	12.073230464632482	2.031366186e-10	12.073230464632482	0.003192622789846787	0.06130003868053984	0.06130354334227888	477274.78760970145	27.285318294631914	6560	4.249066686598955	0.008513154916127572	0.009083817135639766	204227.85101116536	31.132294361458133	4.599954267421254	342.74770862498553
dynamic_i	3	sat	0	17627	50.75094186	0.0	11.540226029860788	0.0	11.540226029860788	0.0028791593498610087	0.05502103107959385	0.05502415266311136	448984.5455535896	25.471410084165743	6609	6.072523990000052	0.007679065192918747	0.008248040910880597	191168.95186085987	28.925548776041744	4.652768323122306	350.62592084598145
dynamic_i	4	sat	0	13785	43.80869252	0.0	16.54614622991924	8.993916722e-13	16.54614622991924	0.0031779972811026478	0.04768671122379423	0.04769017079367401	368092.0079340921	26.702358210670443	5727	4.2719819475	0.007649573506198551	0.013861202236773026	163188.02941488018	28.494504874258805	3.894167996518207	290.0424649580091
dynamic_i	5	sat	0	14834	56.96930965	0.0	17.564104409149763	8.502368809e-10	17.564104409149763	0.003840455012134286	0.06445490318659795	0.06445924855856157	481341.1514273845	32.4485069049066	5996	0.1058125299999979	0.006456928900933957	0.0069573467494996825	212085.1989367549	35.371113898724964	4.431209976407145	313.83368537199567
