seed	solutions	b	t	mean_c1	mean_v1	mean_core_fraction	ess	seconds
21	11	1.0	1.0	50.63636363636363	17.818181818181817	0.09090909090909091	11.0	1.7778110459912568
21	11	1.0	0.95	50.0498791077609	17.696846627516067	0.058283576067429295	10.70455758168032	1.7778110459912568
21	11	1.0	0.9	49.54869082577504	17.608357285662553	0.03542329946132584	10.017142037145229	1.7778110459912568
21	11	1.0	0.8	48.763756473976706	17.523548247749744	0.011073335419301679	8.257406325509276	1.7778110459912568
21	11	0.8	1.0	50.06826801517068	17.505267593763172	0.053940160134850416	10.277723986190821	1.7778110459912568
21	11	0.8	0.95	49.637008653013716	17.401972911127285	0.03372613964737029	9.715089492150556	1.7778110459912568
21	11	0.8	0.9	49.2730584332203	17.32465234097533	0.020122451636955106	9.089379418145596	1.7778110459912568
21	11	0.8	0.8	48.70012047856749	17.23966358916052	0.006172213308644391	7.882821924541938	1.7778110459912568
21	11	0.6	1.0	49.47370039987697	17.133189787757612	0.024915410642879113	8.080208041063871	1.7778110459912568
21	11	0.6	0.95	49.19551130462362	17.052451088921526	0.015171945206060659	7.534637771112972	1.7778110459912568
21	11	0.6	0.9	48.96103234720153	16.98908511049751	0.008870892258573402	7.050449999245983	1.7778110459912568
21	11	0.6	0.8	48.587175562805044	16.90749919192197	0.002656146429389331	6.266923675154658	1.7778110459912568
22	1	1.0	1.0	58.0	20.0	1.0	1.0	1.7733296939986758
22	1	1.0	0.95	58.0	20.0	1.0	1.0	1.7733296939986758
22	1	1.0	0.9	58.0	20.0	1.0	1.0	1.7733296939986758
22	1	1.0	0.8	58.0	20.0	1.0	1.0	1.7733296939986758
22	1	0.8	1.0	58.0	20.0	1.0	1.0	1.7733296939986758
22	1	0.8	0.95	58.0	20.0	1.0	1.0	1.7733296939986758
22	1	0.8	0.9	58.0	20.0	1.0	1.0	1.7733296939986758
22	1	0.8	0.8	58.0	20.0	1.0	1.0	1.7733296939986758
22	1	0.6	1.0	58.0	20.0	1.0	1.0	1.7733296939986758
22	1	0.6	0.95	58.0	20.0	1.0	1.0	1.7733296939986758
22	1	0.6	0.9	58.00000000000001	20.0	1.0	1.0	1.7733296939986758
22	1	0.6	0.8	58.0	20.0	1.0	1.0	1.7733296939986758
23	2	1.0	1.0	53.0	19.0	0.95	2.0	1.7532871899893507
23	2	1.0	0.95	52.948751642575566	19.0	0.9500000000000001	1.9947609714764005	1.7532871899893507
23	2	1.0	0.9	52.89502762430939	19.0	0.95	1.9782017994082481	1.7532871899893507
23	2	1.0	0.8	52.78048780487805	18.999999999999996	0.95	1.9080590238365494	1.7532871899893507
23	2	0.8	1.0	53.0	18.999999999999996	0.95	2.0	1.7532871899893507
23	2	0.8	0.95	52.94875164257556	19.000000000000004	0.95	1.9947609714763999	1.7532871899893507
23	2	0.8	0.9	52.8950276243094	19.000000000000004	0.9500000000000001	1.9782017994082481	1.7532871899893507
23	2	0.8	0.8	52.78048780487805	19.000000000000004	0.95	1.9080590238365494	1.7532871899893507
23	2	0.6	1.0	53.00000000000001	19.0	0.9500000000000001	2.0	1.7532871899893507
23	2	0.6	0.95	52.94875164257556	19.0	0.9499999999999998	1.9947609714764	1.7532871899893507
23	2	0.6	0.9	52.895027624309385	18.999999999999996	0.95	1.9782017994082486	1.7532871899893507
23	2	0.6	0.8	52.78048780487804	19.0	0.95	1.9080590238365496	1.7532871899893507
24	7	1.0	1.0	54.714285714285715	18.571428571428573	0.8499999999999999	7.0	1.7651215380174108
24	7	1.0	0.95	54.58465455404272	18.57091581229765	0.8500000000000001	6.952998632631807	1.7651215380174108
24	7	1.0	0.9	54.44447923443683	18.571564368464763	0.8499999999999998	6.799903302112715	1.7651215380174108
24	7	1.0	0.8	54.1321392096787	18.577343074868413	0.8500000000000001	6.1414506098166735	1.7651215380174108
24	7	0.8	1.0	54.70967741935483	18.51612903225806	0.85	6.913669064748202	1.7651215380174108
24	7	0.8	0.95	54.584783609159636	18.5156061958658	0.85	6.869062387113927	1.7651215380174108
24	7	0.8	0.9	54.44979351771803	18.516267518393732	0.85	6.730947196403801	1.7651215380174108
24	7	0.8	0.8	54.14899815262185	18.522168537729144	0.8499999999999999	6.1400664715302575	1.7651215380174108
24	7	0.6	1.0	54.7037037037037	18.444444444444446	0.85	6.5675675675675675	1.7651215380174108
24	7	0.6	0.95	54.58495085836231	18.44392760248917	0.8500000000000002	6.527414411163534	1.7651215380174108
24	7	0.6	0.9	54.45668288855605	18.444581368793013	0.8499999999999999	6.4114180578568005	1.7651215380174108
24	7	0.6	0.8	54.17091956606126	18.450425970948167	0.85	5.921164999932072	1.7651215380174108
25	4	1.0	1.0	60.5	19.5	0.9750000000000001	4.0	1.8121300740167499
25	4	1.0	0.95	58.654368297138156	19.56883143619942	0.978441571809971	3.6158048676225714	1.8121300740167499
25	4	1.0	0.9	56.5098305938463	19.66914722347841	0.9834573611739202	2.660646233892468	1.8121300740167499
25	4	1.0	0.8	52.93081689260145	19.870046724249086	0.9935023362124541	1.396997092212163	1.8121300740167499
25	4	0.8	1.0	60.72222222222222	19.444444444444443	0.9722222222222221	3.9512195121951224	1.8121300740167499
25	4	0.8	0.95	59.027314546493095	19.513482101174265	0.9756741050587132	3.7314157816875304	1.8121300740167499
25	4	0.8	0.9	56.96543544343709	19.618028141807073	0.9809014070903536	2.8822447213541222	1.8121300740167499
25	4	0.8	0.8	53.23017307948504	19.842669799058086	0.9921334899529044	1.47930691387001	1.8121300740167499
25	4	0.6	1.0	60.99999999999999	19.375	0.96875	3.764705882352942	1.8121300740167499
25	4	0.6	0.95	59.510113221277045	19.441829455125305	0.9720914727562654	3.7506964489318104	1.8121300740167499
25	4	0.6	0.9	57.58755653290062	19.548225858511987	0.9774112929255996	3.146868769995855	1.8121300740167499
25	4	0.6	0.8	53.689321497015094	19.800679446330985	0.9900339723165493	1.6152502139055875	1.8121300740167499
26	2	1.0	1.0	56.5	20.0	1.0	2.0	1.581488864030689
26	2	1.0	0.95	56.38481728245508	20.0	1.0	1.9882761882901354	1.581488864030689
26	2	1.0	0.9	56.2648930017351	20.0	1.0	1.9520445123253198	1.581488864030689
26	2	1.0	0.8	56.01587301587301	19.999999999999996	1.0	1.8113178844886162	1.581488864030689
26	2	0.8	1.0	56.5	20.0	1.0	2.0	1.581488864030689
26	2	0.8	0.95	56.38481728245508	20.0	1.0	1.9882761882901354	1.581488864030689
26	2	0.8	0.9	56.2648930017351	20.0	1.0	1.95204451232532	1.581488864030689
26	2	0.8	0.8	56.01587301587302	20.0	1.0	1.811317884488616	1.581488864030689
26	2	0.6	1.0	56.5	20.0	1.0	2.0	1.581488864030689
26	2	0.6	0.95	56.384817282455074	20.0	1.0	1.9882761882901359	1.581488864030689
26	2	0.6	0.9	56.26489300173511	19.999999999999996	1.0	1.9520445123253198	1.581488864030689
26	2	0.6	0.8	56.01587301587302	20.0	1.0	1.8113178844886162	1.581488864030689
27	0	1.0	1.0	0.0	0.0	0.0	0.0	1.749456393008586
28	3	1.0	1.0	57.0	18.666666666666668	0.9	3.0	1.7854249379597604
28	3	1.0	0.95	56.86345725189259	18.631947847009922	0.9	2.979153103391561	1.7854249379597604
28	3	1.0	0.9	56.72109809010177	18.594501439519888	0.9	2.91466729700981	1.7854249379597604
28	3	1.0	0.8	56.42388758782201	18.512099921935988	0.8999999999999999	2.6632016632016633	1.7854249379597604
28	3	0.8	1.0	56.84615384615385	18.615384615384613	0.9	2.964912280701754	1.7854249379597604
28	3	0.8	0.95	56.70644231032544	18.578699910052435	0.9	2.895358780303415	1.7854249379597604
28	3	0.8	0.9	56.56268178638489	18.5397813040757	0.9	2.78482900779252	1.7854249379597604
28	3	0.8	0.8	56.26909027656985	18.45642720473126	0.9	2.4712505068527078	1.7854249379597604
28	3	0.6	1.0	56.63636363636363	18.545454545454543	0.9	2.8139534883720927	1.7854249379597604
28	3	0.6	0.95	56.496310407268226	18.50743860068232	0.9	2.6903283621095277	1.7854249379597604
28	3	0.6	0.9	56.35484076907526	18.46798889160806	0.9	2.5396870669721254	1.7854249379597604
28	3	0.6	0.8	56.07441586491262	18.38641272334577	0.9	2.1990387139989327	1.7854249379597604
29	2	1.0	1.0	51.0	19.0	0.95	2.0	1.7238135719671845
29	2	1.0	0.95	51.0	19.0	0.9499999999999998	2.0	1.7238135719671845
29	2	1.0	0.9	51.0	19.0	0.95	2.0	1.7238135719671845
29	2	1.0	0.8	51.0	19.0	0.95	2.0	1.7238135719671845
29	2	0.8	1.0	51.0	18.999999999999996	0.95	2.0	1.7238135719671845
29	2	0.8	0.95	51.0	19.0	0.9499999999999998	2.0	1.7238135719671845
29	2	0.8	0.9	51.0	19.0	0.9499999999999998	2.0	1.7238135719671845
29	2	0.8	0.8	51.0	19.0	0.95	2.0	1.7238135719671845
29	2	0.6	1.0	51.0	19.0	0.9500000000000001	2.0	1.7238135719671845
29	2	0.6	0.95	51.0	19.0	0.95	2.0	1.7238135719671845
29	2	0.6	0.9	51.0	19.0	0.95	2.0	1.7238135719671845
29	2	0.6	0.8	51.0	19.0	0.95	2.0	1.7238135719671845
30	0	1.0	1.0	0.0	0.0	0.0	0.0	1.7500252460013144
31	1	1.0	1.0	57.0	20.0	1.0	1.0	1.7760910569922999
31	1	1.0	0.95	57.0	20.0	1.0	1.0	1.7760910569922999
31	1	1.0	0.9	56.99999999999999	20.0	1.0	1.0	1.7760910569922999
31	1	1.0	0.8	57.0	20.0	1.0	1.0	1.7760910569922999
31	1	0.8	1.0	57.0	20.0	1.0	1.0	1.7760910569922999
31	1	0.8	0.95	56.99999999999999	20.0	1.0	1.0	1.7760910569922999
31	1	0.8	0.9	57.0	20.0	1.0	1.0	1.7760910569922999
31	1	0.8	0.8	56.99999999999999	20.0	1.0	1.0	1.7760910569922999
31	1	0.6	1.0	56.99999999999999	20.0	1.0	1.0	1.7760910569922999
31	1	0.6	0.95	57.0	20.0	1.0	1.0	1.7760910569922999
31	1	0.6	0.9	57.0	20.0	1.0	1.0	1.7760910569922999
31	1	0.6	0.8	57.0	20.0	1.0	1.0	1.7760910569922999
32	3	1.0	1.0	53.333333333333336	19.333333333333332	0.9666666666666667	3.0	1.8750614519813098
32	3	1.0	0.95	53.18203934025885	19.374268130366946	0.9687134065183473	2.976407229129652	1.8750614519813098
32	3	1.0	0.9	53.017273908850775	19.41926963230053	0.9709634816150264	2.8995760255266996	1.8750614519813098
32	3	1.0	0.8	52.65195670274772	19.520399666944215	0.9760199833472106	2.5823517932687743	1.8750614519813098
32	3	0.8	1.0	53.50000000000001	19.285714285714285	0.9642857142857143	2.9696969696969697	1.8750614519813098
32	3	0.8	0.95	53.358588221015886	19.3236401425028	0.96618200712514	2.997380417286067	1.8750614519813098
32	3	0.8	0.9	53.2019129559288	19.36611596723262	0.9683057983616311	2.9806089888258946	1.8750614519813098
32	3	0.8	0.8	52.84386617100372	19.464684014869885	0.9732342007434943	2.7702231920676854	1.8750614519813098
32	3	0.6	1.0	53.692307692307686	19.230769230769226	0.9615384615384616	2.8644067796610178	1.8750614519813098
32	3	0.6	0.95	53.56622127586994	19.26409831059612	0.9632049155298059	2.9351198452130034	1.8750614519813098
32	3	0.6	0.9	53.42375698957231	19.302251775729182	0.9651125887864591	2.981010315383396	1.8750614519813098
32	3	0.6	0.8	53.08622502628811	19.394321766561514	0.9697160883280758	2.931028224564997	1.8750614519813098
33	7	1.0	1.0	52.0	18.857142857142858	0.2857142857142857	7.0	1.7882947130128741
33	7	1.0	0.95	51.324255021376175	18.79433323789262	0.2620208071153138	6.782046960695573	1.7882947130128741
33	7	1.0	0.9	50.74011341153496	18.736958123112803	0.2352157322101658	6.285755558938368	1.7882947130128741
33	7	1.0	0.8	49.87045357507319	18.64775305884234	0.18005914513275403	5.191394718557545	1.7882947130128741
33	7	0.8	1.0	51.71428571428572	18.70748299319728	0.21768707482993202	6.7803577031691225	1.7882947130128741
33	7	0.8	0.95	51.07642793287177	18.64773455156524	0.19691231025194292	6.434757852923245	1.7882947130128741
33	7	0.8	0.9	50.53920416523651	18.596621019538187	0.17463468562648726	5.925614249279492	1.7882947130128741
33	7	0.8	0.8	49.7614517116726	18.52479074816736	0.13130248114347762	4.964481917189803	1.7882947130128741
33	7	0.6	1.0	51.36585365853659	18.53658536585366	0.14634146341463414	6.083232810615198	1.7882947130128741
33	7	0.6	0.95	50.79513664701836	18.484444605501476	0.1302524008000022	5.704344669132882	1.7882947130128741
33	7	0.6	0.9	50.32744228957917	18.443253362592845	0.11399006403269576	5.2815080227229565	1.7882947130128741
33	7	0.6	0.8	49.666110386348734	18.392646758940295	0.08421540644332688	4.569144273676118	1.7882947130128741
34	0	1.0	1.0	0.0	0.0	0.0	0.0	1.7378423899644986
35	0	1.0	1.0	0.0	0.0	0.0	0.0	1.7822836269624531
36	2	1.0	1.0	63.0	19.0	0.95	2.0	1.703260755049996
36	2	1.0	0.95	63.0	19.0	0.95	2.0	1.703260755049996
36	2	1.0	0.9	62.99999999999999	19.0	0.95	2.0	1.703260755049996
36	2	1.0	0.8	63.0	19.0	0.9500000000000001	2.0	1.703260755049996
36	2	0.8	1.0	63.0	18.999999999999996	0.95	2.0	1.703260755049996
36	2	0.8	0.95	63.0	19.0	0.95	2.0	1.703260755049996
36	2	0.8	0.9	63.0	19.0	0.95	2.0	1.703260755049996
36	2	0.8	0.8	63.0	19.0	0.9500000000000001	2.0	1.703260755049996
36	2	0.6	1.0	63.0	19.0	0.9500000000000001	2.0	1.703260755049996
36	2	0.6	0.95	63.0	19.0	0.95	2.0	1.703260755049996
36	2	0.6	0.9	63.0	19.0	0.95	2.0	1.703260755049996
36	2	0.6	0.8	63.0	19.0	0.95	2.0	1.703260755049996
37	0	1.0	1.0	0.0	0.0	0.0	0.0	1.8701548509998247
38	0	1.0	1.0	0.0	0.0	0.0	0.0	1.7168989549973048
39	3	1.0	1.0	45.666666666666664	18.666666666666668	0.8000000000000002	3.0	1.7961376620223746
39	3	1.0	0.95	45.24189943513193	18.6020444641074	0.8	2.9354266001419997	1.7961376620223746
39	3	1.0	0.9	44.79820416718184	18.531483577398376	0.8000000000000002	2.7456326302819134	1.7961376620223746
39	3	1.0	0.8	43.9183457303433	18.382455003201354	0.8	2.1639579420847173	1.7961376620223746
39	3	0.8	1.0	45.38461538461538	18.615384615384613	0.8	2.964912280701754	1.7961376620223746
39	3	0.8	0.95	44.94855135180349	18.54756757697434	0.8000000000000002	2.8129854697291714	1.7961376620223746
39	3	0.8	0.9	44.504817172006895	18.475758419246393	0.8	2.5589677582706747	1.7961376620223746
39	3	0.8	0.8	43.661788445308744	18.331305924222942	0.7999999999999999	1.9694711268821434	1.7961376620223746
39	3	0.6	1.0	45.0	18.545454545454543	0.8	2.8139534883720927	1.7961376620223746
39	3	0.6	0.95	44.56215125208975	18.475810249019556	0.8	2.573074952751195	1.7961376620223746
39	3	0.6	0.9	44.1322180514123	18.40498791726814	0.8	2.282783715000496	1.7961376620223746
39	3	0.6	0.8	43.358893718841976	18.27091868445267	0.7999999999999999	1.7480046664449882	1.7961376620223746
40	6	1.0	1.0	57.666666666666664	19.333333333333332	0.9500000000000001	6.0	1.7901284749968909
40	6	1.0	0.95	57.150255125228554	19.367500727902073	0.9504711547793616	5.864271525717796	1.7901284749968909
40	6	1.0	0.9	56.752688990267146	19.397682687066784	0.9510465333870181	5.590524755956584	1.7901284749968909
40	6	1.0	0.8	56.24639846818358	19.447830910563596	0.9524879495031311	5.058554125710896	1.7901284749968909
40	6	0.8	1.0	57.82142857142857	19.28571428571429	0.9464285714285714	5.9393939393939394	1.7901284749968909
40	6	0.8	0.95	57.28218855287538	19.317323937957703	0.946541982727384	5.871504511441568	1.7901284749968909
40	6	0.8	0.9	56.863206806183335	19.3456369129084	0.9468165021179489	5.636030821444245	1.7901284749968909
40	6	0.8	0.8	56.32529268182663	19.393509908586495	0.9478138338411862	5.143916254897855	1.7901284749968909
40	6	0.6	1.0	58.00000000000001	19.230769230769234	0.9423076923076923	5.728813559322034	1.7901284749968909
40	6	0.6	0.95	57.43685850912467	19.258500014075413	0.9419356833215792	5.716706047964707	1.7901284749968909
40	6	0.6	0.9	56.994630610806304	19.283745953539185	0.9417863013449183	5.519265064514604	1.7901284749968909
40	6	0.6	0.8	56.421403443421696	19.32733480360036	0.9421197176911025	5.077191356664455	1.7901284749968909
41	0	1.0	1.0	0.0	0.0	0.0	0.0	1.8410603610100225
42	2	1.0	1.0	56.5	20.0	1.0	2.0	1.6225834349752404
42	2	1.0	0.95	56.18116262595138	20.0	1.0	1.9679903159910985	1.6225834349752404
42	2	1.0	0.9	55.85631472062069	20.0	1.0	1.8756572099665465	1.6225834349752404
42	2	1.0	0.8	55.23403229693902	20.0	1.0	1.591814411439181	1.6225834349752404
42	2	0.8	1.0	56.5	20.0	1.0	2.0	1.6225834349752404
42	2	0.8	0.95	56.18116262595139	20.0	1.0	1.9679903159910987	1.6225834349752404
42	2	0.8	0.9	55.85631472062069	20.0	1.0	1.8756572099665472	1.6225834349752404
42	2	0.8	0.8	55.23403229693903	20.0	1.0	1.5918144114391808	1.6225834349752404
42	2	0.6	1.0	56.5	20.0	1.0	2.0	1.6225834349752404
42	2	0.6	0.95	56.18116262595137	20.0	1.0	1.9679903159910985	1.6225834349752404
42	2	0.6	0.9	55.856314720620695	20.000000000000004	1.0	1.8756572099665463	1.6225834349752404
42	2	0.6	0.8	55.23403229693902	20.0	1.0	1.591814411439181	1.6225834349752404
43	8	1.0	1.0	55.375	19.0	0.4875	8.0	1.8936064419685863
43	8	1.0	0.95	55.145081255263484	19.019018389079893	0.5273986414064363	7.906491639274852	1.8936064419685863
43	8	1.0	0.9	54.90472870699067	19.0381950027587	0.569175315584666	7.619239694897727	1.8936064419685863
43	8	1.0	0.8	54.4016019037823	19.0742523789671	0.6560798699974741	6.542272289386346	1.8936064419685863
43	8	0.8	1.0	55.46296296296298	18.88888888888889	0.43209876543209885	7.806067816775727	1.8936064419685863
43	8	0.8	0.95	55.23308273995172	18.91032376952257	0.4729105864671505	7.793077359798549	1.8936064419685863
43	8	0.8	0.9	54.990029961593706	18.9331616446921	0.516498579901214	7.585749093607738	1.8936064419685863
43	8	0.8	0.8	54.47264466074113	18.980404704095722	0.6098844489894643	6.592283547120398	1.8936064419685863
43	8	0.6	1.0	55.58593750000001	18.750000000000004	0.36328125	7.086505190311418	1.8936064419685863
43	8	0.6	0.95	55.36299292397082	18.773543705172056	0.40372913001400734	7.189075895441834	1.8936064419685863
43	8	0.6	0.9	55.123295016316625	18.800058644390635	0.448062638043927	7.144825163555593	1.8936064419685863
43	8	0.6	0.8	54.59913606954531	18.85996786442017	0.5469444269902964	6.48047143208522	1.8936064419685863
44	21	1.0	1.0	50.666666666666664	17.238095238095237	0.047619047619047616	21.0	1.8151359120383859
44	21	1.0	0.95	48.66184090499126	17.19700333397906	0.028030067081146543	18.965646388044796	1.8151359120383859
44	21	1.0	0.9	46.635881080129906	17.179365479349734	0.014360678607679988	14.366424926489719	1.8151359120383859
44	21	1.0	0.8	43.38710281987991	17.212889484897172	0.002414130462749234	7.229328220680093	1.8151359120383859
44	21	0.8	1.0	50.462477759633444	16.97518828145945	0.02495795656730606	19.848216198439662	1.8151359120383859
44	21	0.8	0.95	48.54862095148528	16.940373452631007	0.014571320350205768	17.789204199406488	1.8151359120383859
44	21	0.8	0.9	46.62051809657319	16.92496913203796	0.007439664825601445	13.739278918849877	1.8151359120383859
44	21	0.8	0.8	43.527154464221546	16.96331470861969	0.0012611339574750574	7.482832543211126	1.8151359120383859
44	21	0.6	1.0	50.20309994655263	16.664473954693086	0.00999054392961394	16.028424450003996	1.8151359120383859
44	21	0.6	0.95	48.381288566044915	16.61977460447339	0.005768565918202867	13.888610980241104	1.8151359120383859
44	21	0.6	0.9	46.57453769285151	16.592818102326135	0.0029281415265595377	10.864645018251235	1.8151359120383859
44	21	0.6	0.8	43.71714936731296	16.617896979788284	0.0005010947133934922	6.664258100749627	1.8151359120383859
45	12	1.0	1.0	47.916666666666664	18.5	0.8999999999999999	12.0	2.0923301489674486
45	12	1.0	0.95	47.00001251919495	18.428971623745593	0.896895163745786	11.465338975948239	2.0923301489674486
45	12	1.0	0.9	46.0946864149202	18.367935010043983	0.8949755302078557	10.029022224650623	2.0923301489674486
45	12	1.0	0.8	44.34153342347664	18.261885863228134	0.8937908666920971	6.141922289548438	2.0923301489674486
45	12	0.8	1.0	47.60526315789474	18.26678765880218	0.8879310344827588	11.42022607158306	2.0923301489674486
45	12	0.8	0.95	46.75522869937135	18.210924507045043	0.8861693751788489	10.73890161668976	2.0923301489674486
45	12	0.8	0.9	45.89816577713386	18.165844673013716	0.8855368402876141	9.340601501691065	2.0923301489674486
45	12	0.8	0.8	44.198980478462055	18.09676556580061	0.8868199851665082	5.734744988252328	2.0923301489674486
45	12	0.6	1.0	47.30276381909548	18.00251256281407	0.8756281407035175	9.657013960860818	2.0923301489674486
45	12	0.6	0.95	46.53342703135871	17.96501906670936	0.8753080977921791	9.095316986932964	2.0923301489674486
45	12	0.6	0.9	45.73786661082089	17.938246664090894	0.8759589995073523	8.041929329503477	2.0923301489674486
45	12	0.6	0.8	44.11782497854768	17.910554234042234	0.8795704435685532	5.245060265248894	2.0923301489674486
46	0	1.0	1.0	0.0	0.0	0.0	0.0	1.7960184089606628
47	1	1.0	1.0	55.0	20.0	1.0	1.0	1.8455896329833195
47	1	1.0	0.95	55.0	20.0	1.0	1.0	1.8455896329833195
47	1	1.0	0.9	55.0	20.0	1.0	1.0	1.8455896329833195
47	1	1.0	0.8	55.0	20.0	1.0	1.0	1.8455896329833195
47	1	0.8	1.0	55.0	20.0	1.0	1.0	1.8455896329833195
47	1	0.8	0.95	55.0	20.0	1.0	1.0	1.8455896329833195
47	1	0.8	0.9	55.0	20.0	1.0	1.0	1.8455896329833195
47	1	0.8	0.8	55.0	20.0	1.0	1.0	1.8455896329833195
47	1	0.6	1.0	54.99999999999999	20.0	1.0	1.0	1.8455896329833195
47	1	0.6	0.95	55.0	20.0	1.0	1.0	1.8455896329833195
47	1	0.6	0.9	55.0	20.0	1.0	1.0	1.8455896329833195
47	1	0.6	0.8	55.0	20.0	1.0	1.0	1.8455896329833195
48	3	1.0	1.0	57.666666666666664	19.333333333333332	0.9666666666666667	3.0	1.7474301570327953
48	3	1.0	0.95	56.00826199497999	19.207959311510905	0.960397965575545	2.787372431029723	1.7474301570327953
48	3	1.0	0.9	54.75300809463128	19.116851400863688	0.9558425700431841	2.420074441853069	1.7474301570327953
48	3	1.0	0.8	53.38287501662241	19.02826543526554	0.951413271763277	1.9152889845520404	1.7474301570327953
48	3	0.8	1.0	57.07142857142858	19.285714285714285	0.9642857142857143	2.9696969696969697	1.7474301570327953
48	3	0.8	0.95	55.57465237198315	19.173587266911518	0.9586793633455758	2.6764799785519657	1.7474301570327953
48	3	0.8	0.9	54.48387297966113	19.09571807901513	0.9547859039507562	2.3360703508082996	1.7474301570327953
48	3	0.8	0.8	53.311143807964456	19.02274090452538	0.9511370452262689	1.8947393542458568	1.7474301570327953
48	3	0.6	1.0	56.38461538461539	19.23076923076923	0.9615384615384616	2.864406779661017	1.7474301570327953
48	3	0.6	0.95	55.101700882536996	19.136096609817162	0.956804830490858	2.538798073243923	1.7474301570327953
48	3	0.6	0.9	54.20154153475282	19.073548540514444	0.9536774270257223	2.2466430589663524	1.7474301570327953
48	3	0.6	0.8	53.23859231954681	19.017153198204703	0.9508576599102351	1.8740599423562765	1.7474301570327953
49	4	1.0	1.0	50.0	19.0	0.25	4.0	1.8623019919614308
49	4	1.0	0.95	48.92550090663811	18.84721387927941	0.16116360756122178	3.811241223225086	1.8623019919614308
49	4	1.0	0.9	48.07500732569804	18.71741855468891	0.09630882242430332	3.4373393819693967	1.8623019919614308
49	4	1.0	0.8	46.967586058774344	18.521888043387037	0.027813548799470938	2.726461113532462	1.8623019919614308
49	4	0.8	1.0	49.2962962962963	18.888888888888886	0.19753086419753088	3.9030339083878642	1.8623019919614308
49	4	0.8	0.95	48.35145494839219	18.748143285144494	0.12323087747933656	3.5485975735891304	1.8623019919614308
49	4	0.8	0.9	47.62641314398701	18.63125966485551	0.07164097265469344	3.140121038689012	1.8623019919614308
49	4	0.8	0.8	46.69081922567673	18.455664303833572	0.019850538404542137	2.4613511726423956	1.8623019919614308
49	4	0.6	1.0	48.46875000000001	18.75	0.140625	3.5432525951557086	1.8623019919614308
49	4	0.6	0.95	47.696853110373475	18.62741214659076	0.08446476326902977	3.113289667925557	1.8623019919614308
49	4	0.6	0.9	47.120307301429655	18.527458470922873	0.04759634475003481	2.7285541093846626	1.8623019919614308
49	4	0.6	0.8	46.37461393010904	18.376755341274656	0.012583814390311029	2.1412991567601565	1.8623019919614308
50	0	1.0	1.0	0.0	0.0	0.0	0.0	1.7015654069837183
51	1	1.0	1.0	58.0	20.0	1.0	1.0	1.8952363090356812
51	1	1.0	0.95	58.0	20.0	1.0	1.0	1.8952363090356812
51	1	1.0	0.9	58.0	20.0	1.0	1.0	1.8952363090356812
51	1	1.0	0.8	58.0	20.0	1.0	1.0	1.8952363090356812
51	1	0.8	1.0	58.0	20.0	1.0	1.0	1.8952363090356812
51	1	0.8	0.95	58.0	20.0	1.0	1.0	1.8952363090356812
51	1	0.8	0.9	58.0	20.0	1.0	1.0	1.8952363090356812
51	1	0.8	0.8	58.0	20.0	1.0	1.0	1.8952363090356812
51	1	0.6	1.0	58.0	20.0	1.0	1.0	1.8952363090356812
51	1	0.6	0.95	58.0	20.0	1.0	1.0	1.8952363090356812
51	1	0.6	0.9	58.00000000000001	20.0	1.0	1.0	1.8952363090356812
51	1	0.6	0.8	58.0	20.0	1.0	1.0	1.8952363090356812
52	0	1.0	1.0	0.0	0.0	0.0	0.0	1.834389948984608
53	0	1.0	1.0	0.0	0.0	0.0	0.0	1.7430767780169845
54	0	1.0	1.0	0.0	0.0	0.0	0.0	1.7796792190056294
55	0	1.0	1.0	0.0	0.0	0.0	0.0	1.7856215729843825
56	6	1.0	1.0	45.833333333333336	19.0	0.3333333333333333	6.0	1.8729615340125747
56	6	1.0	0.95	43.05572858731282	18.744535976311738	0.18339311516523252	5.366956358423178	1.8729615340125747
56	6	1.0	0.9	41.364201984244545	18.56971107826463	0.0914995966287521	4.532451016351655	1.8729615340125747
56	6	1.0	0.8	39.88437765132882	18.386535588881497	0.0192449442347187	3.5550276096525146	1.8729615340125747
56	6	0.8	1.0	44.57377049180327	18.852459016393446	0.26229508196721313	5.809523809523808	1.8729615340125747
56	6	0.8	0.95	42.21113766109026	18.62549526936934	0.1367284400431179	4.914870643896956	1.8729615340125747
56	6	0.8	0.9	40.85822468191519	18.4793531240221	0.06581833468389613	4.1751183019817635	1.8729615340125747
56	6	0.8	0.8	39.68916241064891	18.328188778513876	0.0133375875138908	3.337845465109334	1.8729615340125747
56	6	0.6	1.0	43.13265306122448	18.6734693877551	0.18367346938775508	5.157894736842105	1.8729615340125747
56	6	0.6	0.95	41.32268739824293	18.49033344105287	0.09025146764116487	4.288078595122461	1.8729615340125747
56	6	0.6	0.9	40.342151076267754	18.37865237548866	0.04186796865404793	3.7207736039620025	1.8729615340125747
56	6	0.6	0.8	39.48335327772579	18.26245489415465	0.008165546354489298	3.057220334417209	1.8729615340125747
57	8	1.0	1.0	49.25	18.5	0.44999999999999996	8.0	1.7801361589808948
57	8	1.0	0.95	48.958790988615334	18.499135175869526	0.4124217717388372	7.87691199952205	1.7801361589808948
57	8	1.0	0.9	48.62897513420572	18.496182936384574	0.370464517191455	7.466268848378486	1.7801361589808948
57	8	1.0	0.8	47.86997499724364	18.48177430655584	0.2764230765127023	5.876991409789572	1.7801361589808948
57	8	0.8	1.0	49.25966850828729	18.397790055248617	0.44751381215469616	7.83568524276489	1.7801361589808948
57	8	0.8	0.95	48.96139813792969	18.401245199213076	0.4107249638295221	7.726496829679193	1.7801361589808948
57	8	0.8	0.9	48.622883509250194	18.40310663597637	0.3693869873622872	7.314465835971944	1.7801361589808948
57	8	0.8	0.8	47.842769723518835	18.399434750302277	0.27598999121995543	5.68471377778562	1.7801361589808948
57	8	0.6	1.0	49.292682926829265	18.292682926829272	0.45121951219512196	7.356673960612689	1.7801361589808948
57	8	0.6	0.95	48.98718474883182	18.299372501753155	0.4151849801594934	7.290468750099507	1.7801361589808948
57	8	0.6	0.9	48.638850942781524	18.30500232609027	0.374281494334683	6.919441941666357	1.7801361589808948
57	8	0.6	0.8	47.83201468936663	18.3102798640504	0.2806127633849819	5.338700010563872	1.7801361589808948
58	2	1.0	1.0	56.5	20.0	1.0	2.0	1.8064232649630867
58	2	1.0	0.95	56.48717948717949	20.0	1.0	1.998685939553219	1.8064232649630867
58	2	1.0	0.9	56.47368421052631	20.0	1.0	1.9944751381215469	1.8064232649630867
58	2	1.0	0.8	56.44444444444444	20.000000000000004	1.0	1.975609756097561	1.8064232649630867
58	2	0.8	1.0	56.5	20.0	1.0	2.0	1.8064232649630867
58	2	0.8	0.95	56.48717948717949	20.0	1.0	1.9986859395532197	1.8064232649630867
58	2	0.8	0.9	56.473684210526315	19.999999999999996	1.0	1.994475138121547	1.8064232649630867
58	2	0.8	0.8	56.444444444444436	20.000000000000004	1.0	1.975609756097561	1.8064232649630867
58	2	0.6	1.0	56.5	20.0	1.0	2.0	1.8064232649630867
58	2	0.6	0.95	56.48717948717948	20.000000000000004	1.0	1.9986859395532193	1.8064232649630867
58	2	0.6	0.9	56.473684210526315	20.0	1.0	1.9944751381215466	1.8064232649630867
58	2	0.6	0.8	56.44444444444445	20.0	1.0	1.975609756097561	1.8064232649630867
59	2	1.0	1.0	52.5	19.0	0.95	2.0	1.6583251369884238
59	2	1.0	0.95	51.87832168786476	19.0	0.95	1.9388304648491619	1.6583251369884238
59	2	1.0	0.9	51.26482129537037	19.0	0.9499999999999998	1.7784983485393535	1.6583251369884238
59	2	1.0	0.8	50.21351405686231	18.999999999999996	0.95	1.4017607742836342	1.6583251369884238
59	2	0.8	1.0	52.49999999999999	18.999999999999996	0.95	2.0	1.6583251369884238
59	2	0.8	0.95	51.87832168786476	18.999999999999996	0.9499999999999998	1.9388304648491617	1.6583251369884238
59	2	0.8	0.9	51.264821295370375	19.0	0.9499999999999998	1.7784983485393533	1.6583251369884238
59	2	0.8	0.8	50.213514056862316	19.0	0.9500000000000001	1.401760774283634	1.6583251369884238
59	2	0.6	1.0	52.50000000000001	19.0	0.9500000000000001	2.0	1.6583251369884238
59	2	0.6	0.95	51.87832168786477	18.999999999999996	0.9500000000000001	1.938830464849162	1.6583251369884238
59	2	0.6	0.9	51.26482129537037	19.0	0.9499999999999998	1.7784983485393533	1.6583251369884238
59	2	0.6	0.8	50.213514056862316	19.0	0.9499999999999998	1.4017607742836342	1.6583251369884238
60	5	1.0	1.0	50.6	20.0	1.0	5.0	1.851880185015034
60	5	1.0	0.95	47.231764272885115	20.0	1.0	4.407072569321306	1.851880185015034
60	5	1.0	0.9	45.46122236173102	20.000000000000004	1.0	3.7161434052990123	1.851880185015034
60	5	1.0	0.8	43.95888939038165	19.999999999999996	1.0	2.825231613899906	1.851880185015034
60	5	0.8	1.0	50.60000000000001	20.0	1.0	5.0	1.851880185015034
60	5	0.8	0.95	47.231764272885115	20.0	1.0	4.407072569321304	1.851880185015034
60	5	0.8	0.9	45.461222361731004	20.0	1.0	3.716143405299013	1.851880185015034
60	5	0.8	0.8	43.95888939038166	19.999999999999996	1.0	2.825231613899906	1.851880185015034
60	5	0.6	1.0	50.599999999999994	20.0	1.0	4.999999999999999	1.851880185015034
60	5	0.6	0.95	47.2317642728851	20.0	1.0	4.407072569321306	1.851880185015034
60	5	0.6	0.9	45.46122236173101	20.0	1.0	3.7161434052990145	1.851880185015034
60	5	0.6	0.8	43.958889390381664	20.000000000000004	1.0	2.8252316138999056	1.851880185015034
61	0	1.0	1.0	0.0	0.0	0.0	0.0	1.8000283400178887
62	2	1.0	1.0	55.0	19.0	0.95	2.0	1.728854356042575
62	2	1.0	0.95	53.74506227099257	19.0	0.95	1.881476840300033	1.728854356042575
62	2	1.0	0.9	52.58533412956572	18.999999999999996	0.95	1.6217647963210948	1.728854356042575
62	2	1.0	0.8	50.96962873170195	19.0	0.95	1.212300704325401	1.728854356042575
62	2	0.8	1.0	55.0	18.999999999999996	0.95	2.0	1.728854356042575
62	2	0.8	0.95	53.74506227099256	19.0	0.9499999999999998	1.881476840300033	1.728854356042575
62	2	0.8	0.9	52.58533412956573	19.0	0.95	1.6217647963210948	1.728854356042575
62	2	0.8	0.8	50.96962873170196	19.0	0.95	1.2123007043254006	1.728854356042575
62	2	0.6	1.0	55.0	19.0	0.9500000000000001	2.0	1.728854356042575
62	2	0.6	0.95	53.74506227099256	18.999999999999996	0.95	1.881476840300033	1.728854356042575
62	2	0.6	0.9	52.58533412956574	19.0	0.95	1.6217647963210948	1.728854356042575
62	2	0.6	0.8	50.96962873170196	19.0	0.9500000000000001	1.2123007043254006	1.728854356042575
63	1	1.0	1.0	59.0	20.0	1.0	1.0	1.8195333519834094
63	1	1.0	0.95	58.99999999999999	20.0	1.0	1.0	1.8195333519834094
63	1	1.0	0.9	59.0	20.0	1.0	1.0	1.8195333519834094
63	1	1.0	0.8	59.0	20.0	1.0	1.0	1.8195333519834094
63	1	0.8	1.0	59.0	20.0	1.0	1.0	1.8195333519834094
63	1	0.8	0.95	59.00000000000001	20.0	1.0	1.0	1.8195333519834094
63	1	0.8	0.9	59.00000000000001	20.0	1.0	1.0	1.8195333519834094
63	1	0.8	0.8	59.0	20.0	1.0	1.0	1.8195333519834094
63	1	0.6	1.0	58.99999999999999	20.0	1.0	1.0	1.8195333519834094
63	1	0.6	0.95	59.0	20.000000000000004	1.0	1.0	1.8195333519834094
63	1	0.6	0.9	59.0	20.0	1.0	1.0	1.8195333519834094
63	1	0.6	0.8	59.0	20.0	1.0	1.0	1.8195333519834094
64	16	1.0	1.0	47.875	18.125	0.35000000000000003	16.0	1.701809232996311
64	16	1.0	0.95	47.08038606968385	18.048538999129903	0.3094372508152286	15.440891067015844	1.701809232996311
64	16	1.0	0.9	46.446641361087984	17.994381404175964	0.283465043017348	14.214210863154126	1.701809232996311
64	16	1.0	0.8	45.46158495561378	17.942160407677388	0.27039284709560146	10.974227712022515	1.701809232996311
64	16	0.8	1.0	47.50534927627438	17.938955317809942	0.28319697923222154	15.375140816338954	1.701809232996311
64	16	0.8	0.95	46.82599513508078	17.87317238230231	0.24754751422556437	14.584226972849573	1.701809232996311
64	16	0.8	0.9	46.28410046495147	17.82733943205203	0.2248248781843898	13.451402139643463	1.701809232996311
64	16	0.8	0.8	45.42667393955895	17.78157349652923	0.2118713372622043	10.739597204825184	1.701809232996311
64	16	0.6	1.0	47.10702875399362	17.72364217252396	0.20846645367412142	13.385571799426145	1.701809232996311
64	16	0.6	0.95	46.557769076929	17.67181658914184	0.17966731782213555	12.608970930983112	1.701809232996311
64	16	0.6	0.9	46.1113740101266	17.63566029169231	0.16113230753440136	11.674217206727528	1.701809232996311
64	16	0.6	0.8	45.378926579965935	17.59620172696058	0.14849672571300276	9.518818787727765	1.701809232996311
65	2	1.0	1.0	55.0	19.0	0.95	2.0	1.8380490419804119
65	2	1.0	0.95	55.0	19.0	0.95	2.0	1.8380490419804119
65	2	1.0	0.9	55.0	19.0	0.95	2.0	1.8380490419804119
65	2	1.0	0.8	55.0	19.0	0.9499999999999998	2.0	1.8380490419804119
65	2	0.8	1.0	55.0	18.999999999999996	0.95	2.0	1.8380490419804119
65	2	0.8	0.95	55.0	19.0	0.95	2.0	1.8380490419804119
65	2	0.8	0.9	55.0	19.0	0.95	2.0	1.8380490419804119
65	2	0.8	0.8	55.0	19.0	0.95	2.0	1.8380490419804119
65	2	0.6	1.0	55.0	19.0	0.9500000000000001	2.0	1.8380490419804119
65	2	0.6	0.95	55.0	19.0	0.95	2.0	1.8380490419804119
65	2	0.6	0.9	55.0	19.0	0.95	2.0	1.8380490419804119
65	2	0.6	0.8	55.0	19.0	0.95	2.0	1.8380490419804119
66	3	1.0	1.0	45.0	19.333333333333332	0.3333333333333333	3.0	1.7322959540179
66	3	1.0	0.95	43.86120404598192	19.225821848276333	0.2258218482763296	2.8500711137876555	1.7322959540179
66	3	1.0	0.9	42.9658034723821	19.141751329876296	0.14175132987629918	2.5679938106040407	1.7322959540179
66	3	1.0	0.8	41.92523114178651	19.045548213432408	0.045548213432406545	2.158954919144773	1.7322959540179
66	3	0.8	1.0	44.50000000000001	19.285714285714285	0.28571428571428575	2.9696969696969697	1.7322959540179
66	3	0.8	0.95	43.47623350515351	19.1892026992707	0.1892026992706997	2.7419052927726013	1.7322959540179
66	3	0.8	0.9	42.70220861359503	19.11670981829153	0.11670981829152842	2.470340073155089	1.7322959540179
66	3	0.8	0.8	41.83260985047025	19.036773564781395	0.03677356478139189	2.123223076366452	1.7322959540179
66	3	0.6	1.0	43.92307692307693	19.23076923076923	0.23076923076923078	2.864406779661017	1.7322959540179
66	3	0.6	0.95	43.05303607387857	19.14894733385674	0.14894733385674216	2.600315454596708	1.7322959540179
66	3	0.6	0.9	42.42276940291455	19.09016309327688	0.09016309327688309	2.3630744643996633	1.7322959540179
66	3	0.6	0.8	41.738269749940315	19.027836081573295	0.02783608157329281	2.0869848752482802	1.7322959540179
67	3	1.0	1.0	60.333333333333336	18.666666666666668	0.85	3.0	1.7060290590161458
67	3	1.0	0.95	60.120070657753956	18.62634714988699	0.8500000000000001	2.967989172565058	1.7060290590161458
67	3	1.0	0.9	59.90479860361842	18.58341838541298	0.85	2.874308763921348	1.7060290590161458
67	3	1.0	0.8	59.4831679947959	18.491787282484957	0.8500000000000001	2.552294315434224	1.7060290590161458
67	3	0.8	1.0	60.15384615384615	18.615384615384613	0.8499999999999999	2.964912280701754	1.7060290590161458
67	3	0.8	0.95	59.93894735628063	18.572836639168383	0.8500000000000001	2.877640838142202	1.7060290590161458
67	3	0.8	0.9	59.725133843176174	18.52838909031915	0.85	2.7363986431586125	1.7060290590161458
67	3	0.8	0.8	59.31596984235778	18.43634789509758	0.8499999999999998	2.36507123965532	1.7060290590161458
67	3	0.6	1.0	59.90909090909091	18.545454545454543	0.8500000000000001	2.8139534883720927	1.7060290590161458
67	3	0.6	0.95	59.697275984950544	18.501437993048615	0.8500000000000001	2.666485988057471	1.7060290590161458
67	3	0.6	0.9	59.49077810393339	18.456608563631676	0.8499999999999999	2.4870615203059363	1.7060290590161458
67	3	0.6	0.8	59.10782686156213	18.367332064623234	0.85	2.1063140546104484	1.7060290590161458
68	4	1.0	1.0	49.5	18.0	0.0	4.0	1.670164244947955
68	4	1.0	0.95	48.611170718777664	17.999999999999993	0.0	3.8243361442882198	1.670164244947955
68	4	1.0	0.9	47.71610595171712	18.0	0.0	3.3701244034163147	1.670164244947955
68	4	1.0	0.8	46.17707515263865	17.999999999999996	0.0	2.380672041714268	1.670164244947955
68	4	0.8	1.0	49.5	18.0	0.0	4.0	1.670164244947955
68	4	0.8	0.95	48.61117071877765	17.999999999999996	0.0	3.82433614428822	1.670164244947955
68	4	0.8	0.9	47.716105951717125	18.000000000000004	0.0	3.370124403416314	1.670164244947955
68	4	0.8	0.8	46.17707515263866	18.0	0.0	2.380672041714268	1.670164244947955
68	4	0.6	1.0	49.5	18.0	0.0	4.0	1.670164244947955
68	4	0.6	0.95	48.611170718777664	17.999999999999996	0.0	3.82433614428822	1.670164244947955
68	4	0.6	0.9	47.716105951717125	18.000000000000004	0.0	3.3701244034163143	1.670164244947955
68	4	0.6	0.8	46.177075152638665	18.000000000000004	0.0	2.3806720417142673	1.670164244947955
69	0	1.0	1.0	0.0	0.0	0.0	0.0	1.8195600929902866
70	1	1.0	1.0	63.0	20.0	1.0	1.0	1.7557713669957593
70	1	1.0	0.95	63.0	20.0	1.0	1.0	1.7557713669957593
70	1	1.0	0.9	62.99999999999999	20.0	1.0	1.0	1.7557713669957593
70	1	1.0	0.8	63.0	20.0	1.0	1.0	1.7557713669957593
70	1	0.8	1.0	63.0	20.0	1.0	1.0	1.7557713669957593
70	1	0.8	0.95	63.0	20.0	1.0	1.0	1.7557713669957593
70	1	0.8	0.9	63.0	20.0	1.0	1.0	1.7557713669957593
70	1	0.8	0.8	63.0	20.0	1.0	1.0	1.7557713669957593
70	1	0.6	1.0	62.99999999999999	20.0	1.0	1.0	1.7557713669957593
70	1	0.6	0.95	63.00000000000001	20.0	1.0	1.0	1.7557713669957593
70	1	0.6	0.9	63.0	20.0	1.0	1.0	1.7557713669957593
70	1	0.6	0.8	63.0	20.0	1.0	1.0	1.7557713669957593
71	1	1.0	1.0	60.0	20.0	1.0	1.0	1.849785658007022
71	1	1.0	0.95	60.0	20.0	1.0	1.0	1.849785658007022
71	1	1.0	0.9	60.0	20.0	1.0	1.0	1.849785658007022
71	1	1.0	0.8	60.0	20.0	1.0	1.0	1.849785658007022
71	1	0.8	1.0	60.0	20.0	1.0	1.0	1.849785658007022
71	1	0.8	0.95	60.0	20.0	1.0	1.0	1.849785658007022
71	1	0.8	0.9	59.99999999999999	20.0	1.0	1.0	1.849785658007022
71	1	0.8	0.8	59.99999999999999	20.0	1.0	1.0	1.849785658007022
71	1	0.6	1.0	60.0	20.0	1.0	1.0	1.849785658007022
71	1	0.6	0.95	60.0	20.000000000000004	1.0	1.0	1.849785658007022
71	1	0.6	0.9	60.0	20.0	1.0	1.0	1.849785658007022
71	1	0.6	0.8	60.0	20.0	1.0	1.0	1.849785658007022
72	1	1.0	1.0	57.0	20.0	1.0	1.0	1.727874353993684
72	1	1.0	0.95	57.0	20.0	1.0	1.0	1.727874353993684
72	1	1.0	0.9	56.99999999999999	20.0	1.0	1.0	1.727874353993684
72	1	1.0	0.8	57.0	20.0	1.0	1.0	1.727874353993684
72	1	0.8	1.0	57.0	20.0	1.0	1.0	1.727874353993684
72	1	0.8	0.95	56.99999999999999	20.0	1.0	1.0	1.727874353993684
72	1	0.8	0.9	57.0	20.0	1.0	1.0	1.727874353993684
72	1	0.8	0.8	56.99999999999999	20.0	1.0	1.0	1.727874353993684
72	1	0.6	1.0	56.99999999999999	20.0	1.0	1.0	1.727874353993684
72	1	0.6	0.95	57.0	20.0	1.0	1.0	1.727874353993684
72	1	0.6	0.9	57.0	20.0	1.0	1.0	1.727874353993684
72	1	0.6	0.8	57.0	20.0	1.0	1.0	1.727874353993684
73	0	1.0	1.0	0.0	0.0	0.0	0.0	1.9168007780099288
74	4	1.0	1.0	58.0	19.5	0.975	4.0	1.7448873899993487
74	4	1.0	0.95	57.5439380179872	19.438169134826897	0.9719084567413447	3.9140748882145417	1.7448873899993487
74	4	1.0	0.9	57.134599664495184	19.37897683825806	0.9689488419129029	3.7045079531653466	1.7448873899993487
74	4	1.0	0.8	56.48327226965884	19.274126861719427	0.9637063430859713	3.18566909346608	1.7448873899993487
74	4	0.8	1.0	57.722222222222214	19.444444444444443	0.9722222222222223	3.9512195121951224	1.7448873899993487
74	4	0.8	0.95	57.29062954185807	19.38420462991915	0.9692102314959574	3.777380813500443	1.7448873899993487
74	4	0.8	0.9	56.91138784959898	19.328045824479442	0.966402291223972	3.524096917575482	1.7448873899993487
74	4	0.8	0.8	56.32371292653694	19.232022192469742	0.961601109623487	3.008830093793546	1.7448873899993487
74	4	0.6	1.0	57.37500000000001	19.375	0.96875	3.7647058823529407	1.7448873899993487
74	4	0.6	0.95	56.9834893195345	19.31877188053694	0.965938594026847	3.523327816315859	1.7448873899993487
74	4	0.6	0.9	56.648293345349344	19.26801463918019	0.9634007319590092	3.2579626710925838	1.7448873899993487
74	4	0.6	0.8	56.14450309155372	19.184732132980756	0.9592366066490375	2.79429437222847	1.7448873899993487
75	3	1.0	1.0	55.0	20.0	1.0	3.0	1.843870914017316
75	3	1.0	0.95	54.45667550012279	20.0	1.0	2.918936608558442	1.843870914017316
75	3	1.0	0.9	53.90819181424786	20.0	1.0	2.6945448916929218	1.843870914017316
75	3	1.0	0.8	52.889584053518476	20.0	1.0	2.0804933802897754	1.843870914017316
75	3	0.8	1.0	55.00000000000001	20.0	1.0	2.9999999999999996	1.843870914017316
75	3	0.8	0.95	54.456675500122806	20.000000000000004	1.0	2.918936608558441	1.843870914017316
75	3	0.8	0.9	53.90819181424786	20.0	1.0	2.694544891692922	1.843870914017316
75	3	0.8	0.8	52.889584053518476	20.0	1.0	2.080493380289775	1.843870914017316
75	3	0.6	1.0	54.99999999999999	20.0	1.0	3.0000000000000004	1.843870914017316
75	3	0.6	0.95	54.456675500122806	20.000000000000004	1.0	2.9189366085584414	1.843870914017316
75	3	0.6	0.9	53.90819181424786	19.999999999999996	1.0	2.6945448916929227	1.843870914017316
75	3	0.6	0.8	52.889584053518476	20.0	1.0	2.0804933802897754	1.843870914017316
76	1	1.0	1.0	59.0	20.0	1.0	1.0	1.7971753859892488
76	1	1.0	0.95	58.99999999999999	20.0	1.0	1.0	1.7971753859892488
76	1	1.0	0.9	59.0	20.0	1.0	1.0	1.7971753859892488
76	1	1.0	0.8	59.0	20.0	1.0	1.0	1.7971753859892488
76	1	0.8	1.0	59.0	20.0	1.0	1.0	1.7971753859892488
76	1	0.8	0.95	59.00000000000001	20.0	1.0	1.0	1.7971753859892488
76	1	0.8	0.9	59.00000000000001	20.0	1.0	1.0	1.7971753859892488
76	1	0.8	0.8	59.0	20.0	1.0	1.0	1.7971753859892488
76	1	0.6	1.0	58.99999999999999	20.0	1.0	1.0	1.7971753859892488
76	1	0.6	0.95	59.0	20.000000000000004	1.0	1.0	1.7971753859892488
76	1	0.6	0.9	59.0	20.0	1.0	1.0	1.7971753859892488
76	1	0.6	0.8	59.0	20.0	1.0	1.0	1.7971753859892488
77	0	1.0	1.0	0.0	0.0	0.0	0.0	1.6938783929799683
78	3	1.0	1.0	52.666666666666664	20.0	1.0	3.0	1.792217274021823
78	3	1.0	0.95	52.52216150714074	19.999999999999996	1.0	2.9784613400695514	1.792217274021823
78	3	1.0	0.9	52.37881929501975	20.0	1.0	2.9161985414640372	1.792217274021823
78	3	1.0	0.8	52.10354815351195	20.000000000000004	1.0	2.700745297460494	1.792217274021823
78	3	0.8	1.0	52.66666666666668	20.0	1.0	2.9999999999999996	1.792217274021823
78	3	0.8	0.95	52.52216150714074	19.999999999999996	1.0	2.9784613400695514	1.792217274021823
78	3	0.8	0.9	52.37881929501975	19.999999999999996	1.0	2.9161985414640372	1.792217274021823
78	3	0.8	0.8	52.10354815351195	20.000000000000004	1.0	2.7007452974604935	1.792217274021823
78	3	0.6	1.0	52.66666666666666	20.0	1.0	3.0000000000000004	1.792217274021823
78	3	0.6	0.95	52.52216150714075	20.000000000000004	1.0	2.9784613400695514	1.792217274021823
78	3	0.6	0.9	52.37881929501976	20.0	1.0	2.9161985414640363	1.792217274021823
78	3	0.6	0.8	52.10354815351195	20.0	1.0	2.7007452974604944	1.792217274021823
79	1	1.0	1.0	49.0	20.0	1.0	1.0	1.8684204209712334
79	1	1.0	0.95	49.0	20.0	1.0	1.0	1.8684204209712334
79	1	1.0	0.9	49.0	20.0	1.0	1.0	1.8684204209712334
79	1	1.0	0.8	49.0	20.0	1.0	1.0	1.8684204209712334
79	1	0.8	1.0	49.0	20.0	1.0	1.0	1.8684204209712334
79	1	0.8	0.95	49.0	20.0	1.0	1.0	1.8684204209712334
79	1	0.8	0.9	49.0	20.0	1.0	1.0	1.8684204209712334
79	1	0.8	0.8	49.0	20.0	1.0	1.0	1.8684204209712334
79	1	0.6	1.0	49.0	20.0	1.0	1.0	1.8684204209712334
79	1	0.6	0.95	49.0	20.0	1.0	1.0	1.8684204209712334
79	1	0.6	0.9	48.99999999999999	20.0	1.0	1.0	1.8684204209712334
79	1	0.6	0.8	49.0	20.0	1.0	1.0	1.8684204209712334
80	1	1.0	1.0	57.0	20.0	1.0	1.0	1.873965347011108
80	1	1.0	0.95	57.0	20.0	1.0	1.0	1.873965347011108
80	1	1.0	0.9	56.99999999999999	20.0	1.0	1.0	1.873965347011108
80	1	1.0	0.8	57.0	20.0	1.0	1.0	1.873965347011108
80	1	0.8	1.0	57.0	20.0	1.0	1.0	1.873965347011108
80	1	0.8	0.95	56.99999999999999	20.0	1.0	1.0	1.873965347011108
80	1	0.8	0.9	57.0	20.0	1.0	1.0	1.873965347011108
80	1	0.8	0.8	56.99999999999999	20.0	1.0	1.0	1.873965347011108
80	1	0.6	1.0	56.99999999999999	20.0	1.0	1.0	1.873965347011108
80	1	0.6	0.95	57.0	20.0	1.0	1.0	1.873965347011108
80	1	0.6	0.9	57.0	20.0	1.0	1.0	1.873965347011108
80	1	0.6	0.8	57.0	20.0	1.0	1.0	1.873965347011108
81	6	1.0	1.0	52.833333333333336	19.333333333333332	0.9249999999999999	6.0	1.7133236640365794
81	6	1.0	0.95	52.77416700946112	19.347822112527997	0.9256855889208829	5.981603716054307	1.7133236640365794
81	6	1.0	0.9	52.71032543190037	19.363599839292892	0.9265066291683407	5.921146586853017	1.7133236640365794
81	6	1.0	0.8	52.567251461988306	19.399610136452242	0.9286549707602341	5.64534397322865	1.7133236640365794
81	6	0.8	1.0	52.902654867256636	19.20353982300885	0.913716814159292	5.822617419060648	1.7133236640365794
81	6	0.8	0.95	52.84560348491547	19.22138639134178	0.9145318271327998	5.856506427025006	1.7133236640365794
81	6	0.8	0.9	52.783866564928175	19.240722630012147	0.9154880761749188	5.855613307762395	1.7133236640365794
81	6	0.8	0.8	52.64478114478115	19.28451178451179	0.917929292929293	5.714313477796131	1.7133236640365794
81	6	0.6	1.0	53.01219512195121	19.024390243902438	0.899390243902439	5.101669195751139	1.7133236640365794
81	6	0.6	0.95	52.95815259769851	19.045969018677233	0.900307770985306	5.2125043174107795	1.7133236640365794
81	6	0.6	0.9	52.89937955219854	19.069328297814945	0.9013690315619098	5.30539214370968	1.7133236640365794
81	6	0.6	0.8	52.76580865942569	19.122154441303376	0.9040321380746914	5.399583494754416	1.7133236640365794
82	0	1.0	1.0	0.0	0.0	0.0	0.0	1.7919349260046147
83	4	1.0	1.0	55.5	19.5	0.975	4.0	1.7908524820231833
83	4	1.0	0.95	53.90421731970573	19.414007756246065	0.9707003878123035	3.706134596032098	1.7908524820231833
83	4	1.0	0.9	52.46962102408842	19.333801976743246	0.9666900988371621	3.0694419686669474	1.7908524820231833
83	4	1.0	0.8	50.30813052985117	19.1990938434984	0.95995469217492	1.936802899568266	1.7908524820231833
83	4	0.8	1.0	55.11111111111111	19.444444444444443	0.9722222222222223	3.9512195121951224	1.7908524820231833
83	4	0.8	0.95	53.55747892246202	19.361106372833444	0.9680553186416719	3.5491874528183667	1.7908524820231833
83	4	0.8	0.9	52.17519863492511	19.28614471574463	0.9643072357872315	2.8929159918023073	1.7908524820231833
83	4	0.8	0.8	50.11481794193264	19.16588022094852	0.958294011047426	1.8272897684148586	1.7908524820231833
83	4	0.6	1.0	54.62499999999999	19.374999999999996	0.96875	3.764705882352942	1.7908524820231833
83	4	0.6	0.95	53.141923209968425	19.297705629648718	0.9648852814824359	3.2915169129566393	1.7908524820231833
83	4	0.6	0.9	51.835406997685205	19.231143671880048	0.9615571835940023	2.6640557978450774	1.7908524820231833
83	4	0.6	0.8	49.904778315400826	19.129792675117905	0.9564896337558951	1.7099033857732775	1.7908524820231833
84	14	1.0	1.0	52.285714285714285	18.0	0.45000000000000007	14.0	1.7294916410464793
84	14	1.0	0.95	51.05482919851164	17.92040599702381	0.350138092375356	13.186870784043375	1.7294916410464793
84	14	1.0	0.9	49.91269618211597	17.836035444148713	0.256503612636381	11.336458314521902	1.7294916410464793
84	14	1.0	0.8	48.18306633627	17.678864041160573	0.1160395993285424	7.912842510745824	1.7294916410464793
84	14	0.8	1.0	51.92932862190813	17.90459363957597	0.4197879858657244	13.706828683895258	1.7294916410464793
84	14	0.8	0.95	50.68835470481209	17.817038222092275	0.31978665768426756	12.418546878298864	1.7294916410464793
84	14	0.8	0.9	49.56897590874965	17.728614911571903	0.22904843349852935	10.407421954558416	1.7294916410464793
84	14	0.8	0.8	47.94119685377543	17.575283442642142	0.09920010624871002	7.233884153952673	1.7294916410464793
84	14	0.6	1.0	51.414414414414416	17.78378378378378	0.37702702702702706	12.578866768759571	1.7294916410464793
84	14	0.6	0.95	50.18703370235511	17.6894209464702	0.27897744858712176	10.840310950959765	1.7294916410464793
84	14	0.6	0.9	49.124500217310924	17.599876844974638	0.19403653441128133	8.906849360993832	1.7294916410464793
84	14	0.6	0.8	47.65930208005173	17.457498619194677	0.07970709448985389	6.30481624969628	1.7294916410464793
85	14	1.0	1.0	54.785714285714285	18.285714285714285	0.8428571428571426	14.0	1.793184484995436
85	14	1.0	0.95	52.08768152511934	17.99228413511279	0.8133634852982652	12.445577844757192	1.793184484995436
85	14	1.0	0.9	50.11651044402108	17.745738682163537	0.7919649452629504	9.973508204186427	1.793184484995436
85	14	1.0	0.8	47.900962276975925	17.412661041680227	0.7697666777602007	6.311745913881516	1.793184484995436
85	14	0.8	1.0	53.38219606400589	17.976825455214275	0.8206271841088836	13.05871280476141	1.793184484995436
85	14	0.8	0.95	50.95356608951525	17.686187395865677	0.7940943004690831	10.625942468891868	1.793184484995436
85	14	0.8	0.9	49.31055004187124	17.46796693383555	0.7769370080136171	8.438422008241199	1.793184484995436
85	14	0.8	0.8	47.506411963545446	17.203659441664914	0.7612448985699841	5.524671481429317	1.793184484995436
85	14	0.6	1.0	51.59380748007358	17.578172900061308	0.7955242182709994	9.957350681531915	1.793184484995436
85	14	0.6	0.95	49.692357554298276	17.331019966632617	0.7755558788774142	7.891804012068634	1.793184484995436
85	14	0.6	0.9	48.49599300753302	17.16609910189537	0.7642391735532369	6.508789495686278	1.793184484995436
85	14	0.6	0.8	47.15576646438722	16.986252547696942	0.7551670174420783	4.668896575867822	1.793184484995436
86	3	1.0	1.0	47.666666666666664	18.666666666666668	0.9	3.0	1.8121694750152528
86	3	1.0	0.95	47.62187769164514	18.655469422911285	0.9000000000000001	2.9932448186959966	1.8121694750152528
86	3	1.0	0.9	47.57651245551602	18.644128113879006	0.9000000000000001	2.9728172885057034	1.8121694750152528
86	3	1.0	0.8	47.484848484848484	18.621212121212125	0.9	2.892430278884462	1.8121694750152528
86	3	0.8	1.0	47.61538461538461	18.615384615384613	0.9	2.964912280701754	1.8121694750152528
86	3	0.8	0.95	47.5725614591594	18.603489294210945	0.9	2.942919116599206	1.8121694750152528
86	3	0.8	0.9	47.529411764705884	18.591503267973856	0.8999999999999999	2.9092151867271485	1.8121694750152528
86	3	0.8	0.8	47.442906574394456	18.567474048442904	0.8999999999999999	2.810167894754551	1.8121694750152528
86	3	0.6	1.0	47.545454545454554	18.545454545454543	0.9	2.8139534883720927	1.8121694750152528
86	3	0.6	0.95	47.50572028951669	18.533037590473967	0.9	2.773990157705657	1.8121694750152528
86	3	0.6	0.9	47.46596356663471	18.520613614573346	0.9	2.7261038118125844	1.8121694750152528
86	3	0.6	0.8	47.38709677419355	18.495967741935484	0.9	2.611191305086185	1.8121694750152528
87	4	1.0	1.0	50.5	19.0	0.9249999999999999	4.0	1.813014744024258
87	4	1.0	0.95	48.937023345161904	19.0	0.9181285077390289	3.7092928455707512	1.813014744024258
87	4	1.0	0.9	47.522435690025375	19.0	0.9119427639350726	3.1084587549451386	1.813014744024258
87	4	1.0	0.8	45.650635492755576	19.000000000000004	0.9039552167630798	2.233460032434403	1.813014744024258
87	4	0.8	1.0	50.5	18.999999999999996	0.925	4.0	1.813014744024258
87	4	0.8	0.95	48.9370233451619	18.999999999999996	0.9181285077390288	3.709292845570752	1.813014744024258
87	4	0.8	0.9	47.52243569002539	19.000000000000004	0.9119427639350728	3.1084587549451377	1.813014744024258
87	4	0.8	0.8	45.65063549275557	19.0	0.9039552167630797	2.233460032434403	1.813014744024258
87	4	0.6	1.0	50.50000000000001	19.0	0.925	4.0	1.813014744024258
87	4	0.6	0.95	48.937023345161904	19.0	0.9181285077390288	3.7092928455707512	1.813014744024258
87	4	0.6	0.9	47.522435690025375	18.999999999999996	0.9119427639350727	3.1084587549451386	1.813014744024258
87	4	0.6	0.8	45.65063549275557	18.999999999999996	0.9039552167630797	2.2334600324344045	1.813014744024258
88	1	1.0	1.0	59.0	20.0	1.0	1.0	1.8264878100017086
88	1	1.0	0.95	58.99999999999999	20.0	1.0	1.0	1.8264878100017086
88	1	1.0	0.9	59.0	20.0	1.0	1.0	1.8264878100017086
88	1	1.0	0.8	59.0	20.0	1.0	1.0	1.8264878100017086
88	1	0.8	1.0	59.0	20.0	1.0	1.0	1.8264878100017086
88	1	0.8	0.95	59.00000000000001	20.0	1.0	1.0	1.8264878100017086
88	1	0.8	0.9	59.00000000000001	20.0	1.0	1.0	1.8264878100017086
88	1	0.8	0.8	59.0	20.0	1.0	1.0	1.8264878100017086
88	1	0.6	1.0	58.99999999999999	20.0	1.0	1.0	1.8264878100017086
88	1	0.6	0.95	59.0	20.000000000000004	1.0	1.0	1.8264878100017086
88	1	0.6	0.9	59.0	20.0	1.0	1.0	1.8264878100017086
88	1	0.6	0.8	59.0	20.0	1.0	1.0	1.8264878100017086
89	0	1.0	1.0	0.0	0.0	0.0	0.0	1.835169707017485
90	2	1.0	1.0	54.0	19.0	0.95	2.0	1.6433610370149836
90	2	1.0	0.95	53.94875164257556	19.0	0.95	1.9947609714764003	1.6433610370149836
90	2	1.0	0.9	53.895027624309385	19.0	0.9499999999999998	1.9782017994082486	1.6433610370149836
90	2	1.0	0.8	53.78048780487805	19.0	0.95	1.9080590238365496	1.6433610370149836
90	2	0.8	1.0	54.0	18.999999999999996	0.95	2.0	1.6433610370149836
90	2	0.8	0.95	53.94875164257555	19.0	0.9499999999999998	1.9947609714764005	1.6433610370149836
90	2	0.8	0.9	53.89502762430939	19.0	0.95	1.9782017994082484	1.6433610370149836
90	2	0.8	0.8	53.78048780487805	19.0	0.9500000000000001	1.9080590238365498	1.6433610370149836
90	2	0.6	1.0	53.99999999999999	19.0	0.9500000000000001	2.0	1.6433610370149836
90	2	0.6	0.95	53.94875164257555	19.0	0.95	1.9947609714764003	1.6433610370149836
90	2	0.6	0.9	53.89502762430939	19.000000000000004	0.9499999999999998	1.9782017994082481	1.6433610370149836
90	2	0.6	0.8	53.78048780487804	18.999999999999996	0.9499999999999998	1.9080590238365498	1.6433610370149836
91	1	1.0	1.0	55.0	20.0	1.0	1.0	1.7323730859789066
91	1	1.0	0.95	55.0	20.0	1.0	1.0	1.7323730859789066
91	1	1.0	0.9	55.0	20.0	1.0	1.0	1.7323730859789066
91	1	1.0	0.8	55.0	20.0	1.0	1.0	1.7323730859789066
91	1	0.8	1.0	55.0	20.0	1.0	1.0	1.7323730859789066
91	1	0.8	0.95	55.0	20.0	1.0	1.0	1.7323730859789066
91	1	0.8	0.9	55.0	20.0	1.0	1.0	1.7323730859789066
91	1	0.8	0.8	55.0	20.0	1.0	1.0	1.7323730859789066
91	1	0.6	1.0	54.99999999999999	20.0	1.0	1.0	1.7323730859789066
91	1	0.6	0.95	55.0	20.0	1.0	1.0	1.7323730859789066
91	1	0.6	0.9	55.0	20.0	1.0	1.0	1.7323730859789066
91	1	0.6	0.8	55.0	20.0	1.0	1.0	1.7323730859789066
92	0	1.0	1.0	0.0	0.0	0.0	0.0	1.7619315260089934
93	0	1.0	1.0	0.0	0.0	0.0	0.0	1.6294957530335523
94	1	1.0	1.0	47.0	20.0	1.0	1.0	1.8339853099896573
94	1	1.0	0.95	47.0	20.0	1.0	1.0	1.8339853099896573
94	1	1.0	0.9	47.0	20.0	1.0	1.0	1.8339853099896573
94	1	1.0	0.8	47.0	19.999999999999996	1.0	1.0	1.8339853099896573
94	1	0.8	1.0	47.00000000000001	20.0	1.0	1.0	1.8339853099896573
94	1	0.8	0.95	47.0	20.0	1.0	1.0	1.8339853099896573
94	1	0.8	0.9	47.0	20.0	1.0	1.0	1.8339853099896573
94	1	0.8	0.8	47.0	20.0	1.0	1.0	1.8339853099896573
94	1	0.6	1.0	47.0	20.0	1.0	1.0	1.8339853099896573
94	1	0.6	0.95	47.0	19.999999999999996	1.0	1.0	1.8339853099896573
94	1	0.6	0.9	47.0	20.0	1.0	1.0	1.8339853099896573
94	1	0.6	0.8	47.0	20.0	1.0	1.0	1.8339853099896573
95	2	1.0	1.0	56.5	19.0	0.9	2.0	1.692005210032221
95	2	1.0	0.95	56.18116262595138	18.999999999999996	0.9	1.9679903159910985	1.692005210032221
95	2	1.0	0.9	55.85631472062069	19.0	0.9	1.8756572099665465	1.692005210032221
95	2	1.0	0.8	55.23403229693902	19.0	0.9	1.591814411439181	1.692005210032221
95	2	0.8	1.0	56.5	18.999999999999996	0.9	2.0	1.692005210032221
95	2	0.8	0.95	56.18116262595138	19.0	0.8999999999999999	1.967990315991099	1.692005210032221
95	2	0.8	0.9	55.856314720620695	19.000000000000004	0.9000000000000001	1.8756572099665463	1.692005210032221
95	2	0.8	0.8	55.23403229693902	19.0	0.9000000000000001	1.591814411439181	1.692005210032221
95	2	0.6	1.0	56.5	19.0	0.9	2.0	1.692005210032221
95	2	0.6	0.95	56.18116262595138	19.0	0.8999999999999999	1.9679903159910983	1.692005210032221
95	2	0.6	0.9	55.85631472062069	18.999999999999996	0.8999999999999999	1.875657209966547	1.692005210032221
95	2	0.6	0.8	55.23403229693902	19.0	0.8999999999999999	1.591814411439181	1.692005210032221
96	0	1.0	1.0	0.0	0.0	0.0	0.0	1.7625237100291997
97	0	1.0	1.0	0.0	0.0	0.0	0.0	1.9089507699827664
98	2	1.0	1.0	57.5	20.0	1.0	2.0	1.7381354969693348
98	2	1.0	0.95	56.87832168786477	20.0	1.0	1.9388304648491619	1.7381354969693348
98	2	1.0	0.9	56.26482129537036	19.999999999999996	1.0	1.7784983485393535	1.7381354969693348
98	2	1.0	0.8	55.21351405686231	20.0	1.0	1.4017607742836342	1.7381354969693348
98	2	0.8	1.0	57.49999999999999	20.0	1.0	2.0	1.7381354969693348
98	2	0.8	0.95	56.87832168786477	20.000000000000004	1.0	1.9388304648491614	1.7381354969693348
98	2	0.8	0.9	56.264821295370375	20.0	1.0	1.7784983485393535	1.7381354969693348
98	2	0.8	0.8	55.2135140568623	20.0	1.0	1.4017607742836344	1.7381354969693348
98	2	0.6	1.0	57.50000000000001	20.0	1.0	2.0	1.7381354969693348
98	2	0.6	0.95	56.87832168786476	20.000000000000004	1.0	1.9388304648491617	1.7381354969693348
98	2	0.6	0.9	56.264821295370375	20.0	1.0	1.7784983485393533	1.7381354969693348
98	2	0.6	0.8	55.21351405686231	20.0	1.0	1.4017607742836344	1.7381354969693348
99	0	1.0	1.0	0.0	0.0	0.0	0.0	1.6932577189872973
100	0	1.0	1.0	0.0	0.0	0.0	0.0	1.7115461129578762
