seed	solutions	policy	b	t	solved	core_fraction	c1	v1	seconds
1	0	uniform	1.0	1.0	0				0.5751663580003878
1	0	critical	1.0	0.8	0				0.5751975090006454
1	0	supported	0.8	1.0	0				0.5752105990004566
1	0	combined	0.6	0.9	0				0.5752204790005635
2	3	uniform	1.0	1.0	1	1.0	49	18	0.5727516609995291
2	3	critical	1.0	0.8	1	1.0	49	18	0.5729655959994489
2	3	supported	0.8	1.0	1	1.0	49	18	0.5731580399997256
2	3	combined	0.6	0.9	1	1.0	49	18	0.5733509450001293
3	5	uniform	1.0	1.0	1	0.0	45	17	0.5793600270008028
3	5	critical	1.0	0.8	1	0.0	35	17	0.5796680740004376
3	5	supported	0.8	1.0	1	0.0	40	16	0.5799517310006195
3	5	combined	0.6	0.9	1	0.0	35	17	0.5802457080008026
4	0	uniform	1.0	1.0	0				0.5756263889998081
4	0	critical	1.0	0.8	0				0.5756565290002982
4	0	supported	0.8	1.0	0				0.5756682100000035
4	0	combined	0.6	0.9	0				0.5756778000004488
5	1	uniform	1.0	1.0	1	1.0	55	18	0.5719651419994989
5	1	critical	1.0	0.8	1	1.0	55	18	0.5720895750000636
5	1	supported	0.8	1.0	1	1.0	55	18	0.5721928479997587
5	1	combined	0.6	0.9	1	1.0	55	18	0.5722969500002364
6	0	uniform	1.0	1.0	0				0.578889925999647
6	0	critical	1.0	0.8	0				0.5789224969994393
6	0	supported	0.8	1.0	0				0.5789332869999271
6	0	combined	0.6	0.9	0				0.5789424069998859
7	1	uniform	1.0	1.0	1	1.0	53	18	0.5646178169999985
7	1	critical	1.0	0.8	1	1.0	53	18	0.5647398099999918
7	1	supported	0.8	1.0	1	1.0	53	18	0.5648430420005752
7	1	combined	0.6	0.9	1	1.0	53	18	0.5649473049998051
8	0	uniform	1.0	1.0	0				0.5675092060000679
8	0	critical	1.0	0.8	0				0.5675429670000085
8	0	supported	0.8	1.0	0				0.5675541770006021
8	0	combined	0.6	0.9	0				0.5675636770001802
9	0	uniform	1.0	1.0	0				0.5837911130001885
9	0	critical	1.0	0.8	0				0.5838253540005098
9	0	supported	0.8	1.0	0				0.5838367340002151
9	0	combined	0.6	0.9	0				0.5838461940002162
10	0	uniform	1.0	1.0	0				0.5672499189995506
10	0	critical	1.0	0.8	0				0.5672798999994484
10	0	supported	0.8	1.0	0				0.567290519999915
10	0	combined	0.6	0.9	0				0.5672992609997891
11	0	uniform	1.0	1.0	0				0.6058446770002774
11	0	critical	1.0	0.8	0				0.6058672170001955
11	0	supported	0.8	1.0	0				0.6058777170001122
11	0	combined	0.6	0.9	0				0.6058868070003882
12	3	uniform	1.0	1.0	1	0.8888888888888888	41	17	0.5707471519999672
12	3	critical	1.0	0.8	1	0.8888888888888888	41	17	0.570970137000586
12	3	supported	0.8	1.0	1	0.8888888888888888	43	16	0.5711666420002075
12	3	combined	0.6	0.9	1	0.8888888888888888	43	16	0.5713835270007621
13	0	uniform	1.0	1.0	0				0.5935006340005202
13	0	critical	1.0	0.8	0				0.5935207640004592
13	0	supported	0.8	1.0	0				0.5935315850001643
13	0	combined	0.6	0.9	0				0.5935406250000597
14	2	uniform	1.0	1.0	1	1.0	52	18	0.5585953440004232
14	2	critical	1.0	0.8	1	1.0	52	18	0.5587588680000408
14	2	supported	0.8	1.0	1	1.0	52	18	0.5589066620004814
14	2	combined	0.6	0.9	1	1.0	52	18	0.5590544550004779
15	0	uniform	1.0	1.0	0				0.5593030109994288
15	0	critical	1.0	0.8	0				0.559330521999982
15	0	supported	0.8	1.0	0				0.55934193199937
15	0	combined	0.6	0.9	0				0.5593513129997518
16	1	uniform	1.0	1.0	1	1.0	45	18	0.5996804799997335
16	1	critical	1.0	0.8	1	1.0	45	18	0.5998053530001926
16	1	supported	0.8	1.0	1	1.0	45	18	0.5999064059997181
16	1	combined	0.6	0.9	1	1.0	45	18	0.6000173379998159
17	3	uniform	1.0	1.0	1	1.0	46	18	0.5615989150001042
17	3	critical	1.0	0.8	1	1.0	46	18	0.5617907599998944
17	3	supported	0.8	1.0	1	0.9444444444444444	58	17	0.561977394000678
17	3	combined	0.6	0.9	1	1.0	46	18	0.5621611990000019
18	2	uniform	1.0	1.0	1	0.9444444444444444	53	17	0.5604238879996046
18	2	critical	1.0	0.8	1	0.9444444444444444	49	17	0.560586491000322
18	2	supported	0.8	1.0	1	0.9444444444444444	53	17	0.5607354650001071
18	2	combined	0.6	0.9	1	0.9444444444444444	49	17	0.5608874789995753
19	1	uniform	1.0	1.0	1	1.0	52	18	0.5719773420005367
19	1	critical	1.0	0.8	1	1.0	52	18	0.5720989350002128
19	1	supported	0.8	1.0	1	1.0	52	18	0.572199757000817
19	1	combined	0.6	0.9	1	1.0	52	18	0.5723048100007873
20	5	uniform	1.0	1.0	1	0.0	56	16	0.6106721619999007
20	5	critical	1.0	0.8	1	0.0	41	16	0.6109840289991553
20	5	supported	0.8	1.0	1	0.0	48	15	0.6112671559994851
20	5	combined	0.6	0.9	1	0.0	41	16	0.6115613729998586
21	3	uniform	1.0	1.0	1	0.9444444444444444	48	17	0.5771389539995653
21	3	critical	1.0	0.8	1	1.0	45	18	0.5773671799997828
21	3	supported	0.8	1.0	1	0.9444444444444444	48	17	0.5775640739993833
21	3	combined	0.6	0.9	1	0.9444444444444444	48	17	0.5777682289999575
22	1	uniform	1.0	1.0	1	1.0	48	18	0.5557038950000788
22	1	critical	1.0	0.8	1	1.0	48	18	0.5558289580003475
22	1	supported	0.8	1.0	1	1.0	48	18	0.555931251000402
22	1	combined	0.6	0.9	1	1.0	48	18	0.556033593000393
23	4	uniform	1.0	1.0	1	0.9444444444444444	45	17	0.6031341120005891
23	4	critical	1.0	0.8	1	0.9444444444444444	42	17	0.6034084089997123
23	4	supported	0.8	1.0	1	0.9444444444444444	45	17	0.6036500350001006
23	4	combined	0.6	0.9	1	0.9444444444444444	42	17	0.603902831000596
24	0	uniform	1.0	1.0	0				0.5785011369998756
24	0	critical	1.0	0.8	0				0.5785321479997947
24	0	supported	0.8	1.0	0				0.5785432379998383
24	0	combined	0.6	0.9	0				0.5785525580004105
25	1	uniform	1.0	1.0	1	1.0	49	18	0.604539326000122
25	1	critical	1.0	0.8	1	1.0	49	18	0.6046697390002009
25	1	supported	0.8	1.0	1	1.0	49	18	0.6047754020000866
25	1	combined	0.6	0.9	1	1.0	49	18	0.6048767040001621
26	10	uniform	1.0	1.0	1	0.8888888888888888	41	17	0.5670689250000578
26	10	critical	1.0	0.8	1	0.9444444444444444	38	17	0.5674087229999714
26	10	supported	0.8	1.0	1	0.8888888888888888	45	16	0.5678162730000622
26	10	combined	0.6	0.9	1	0.9444444444444444	38	17	0.5681930220007416
27	0	uniform	1.0	1.0	0				0.5974208569996335
27	0	critical	1.0	0.8	0				0.5974535679997643
27	0	supported	0.8	1.0	0				0.5974647279999772
27	0	combined	0.6	0.9	0				0.597473727999386
28	0	uniform	1.0	1.0	0				0.5409832349996577
28	0	critical	1.0	0.8	0				0.5410076359994491
28	0	supported	0.8	1.0	0				0.5410184559996196
28	0	combined	0.6	0.9	0				0.5410270160000437
29	2	uniform	1.0	1.0	1	1.0	55	18	0.5580204799998683
29	2	critical	1.0	0.8	1	1.0	51	18	0.5581907839996347
29	2	supported	0.8	1.0	1	1.0	55	18	0.5583415279998007
29	2	combined	0.6	0.9	1	1.0	51	18	0.5584969820001788
30	3	uniform	1.0	1.0	1	0.8888888888888888	55	17	0.5664342999998553
30	3	critical	1.0	0.8	1	0.8888888888888888	50	17	0.5666670660002637
30	3	supported	0.8	1.0	1	0.8888888888888888	55	17	0.5668618899999274
30	3	combined	0.6	0.9	1	0.8888888888888888	50	17	0.5670632850005859
31	2	uniform	1.0	1.0	1	1.0	51	18	0.5730526769993958
31	2	critical	1.0	0.8	1	1.0	51	18	0.573214430999542
31	2	supported	0.8	1.0	1	1.0	51	18	0.5733525349996853
31	2	combined	0.6	0.9	1	1.0	51	18	0.5734931480001251
32	0	uniform	1.0	1.0	0				0.5661265030003051
32	0	critical	1.0	0.8	0				0.5661479930004134
32	0	supported	0.8	1.0	0				0.5661591630005205
32	0	combined	0.6	0.9	0				0.566168373000437
33	4	uniform	1.0	1.0	1	1.0	43	18	0.5876188840002214
33	4	critical	1.0	0.8	1	0.8888888888888888	37	17	0.5878777999996601
33	4	supported	0.8	1.0	1	0.8888888888888888	45	17	0.588113384999815
33	4	combined	0.6	0.9	1	0.8888888888888888	37	17	0.5883609109996542
34	5	uniform	1.0	1.0	1	0.0	55	16	0.5669662330001302
34	5	critical	1.0	0.8	1	0.0	49	15	0.5672891700005493
34	5	supported	0.8	1.0	1	0.0	49	15	0.5675735269996949
34	5	combined	0.6	0.9	1	0.0	49	15	0.5678689739997935
35	0	uniform	1.0	1.0	0				0.6221315940001659
35	0	critical	1.0	0.8	0				0.6221598339998309
35	0	supported	0.8	1.0	0				0.6221709339997687
35	0	combined	0.6	0.9	0				0.6221944750004695
36	2	uniform	1.0	1.0	1	0.9444444444444444	57	17	0.567196187999798
36	2	critical	1.0	0.8	1	0.9444444444444444	49	17	0.5673678120001568
36	2	supported	0.8	1.0	1	0.9444444444444444	57	17	0.5675175160004073
36	2	combined	0.6	0.9	1	0.9444444444444444	49	17	0.5676687290006157
37	0	uniform	1.0	1.0	0				0.5953602170002341
37	0	critical	1.0	0.8	0				0.5953913980001744
37	0	supported	0.8	1.0	0				0.5954026580002392
37	0	combined	0.6	0.9	0				0.5954117090004729
38	1	uniform	1.0	1.0	1	1.0	55	18	0.5443217850006477
38	1	critical	1.0	0.8	1	1.0	55	18	0.5444455580000067
38	1	supported	0.8	1.0	1	1.0	55	18	0.5445465210004841
38	1	combined	0.6	0.9	1	1.0	55	18	0.5446504030005599
39	5	uniform	1.0	1.0	1	0.0	49	15	0.5538957219996519
39	5	critical	1.0	0.8	1	0.0	48	17	0.5541893589997926
39	5	supported	0.8	1.0	1	0.0	49	15	0.5545302470000024
39	5	combined	0.6	0.9	1	0.0	49	15	0.5548242939994452
40	0	uniform	1.0	1.0	0				0.5604458979996707
40	0	critical	1.0	0.8	0				0.5604676180000752
40	0	supported	0.8	1.0	0				0.5604795079998439
40	0	combined	0.6	0.9	0				0.5604885789998661
41	0	uniform	1.0	1.0	0				0.5688223070001186
41	0	critical	1.0	0.8	0				0.5688541980007358
41	0	supported	0.8	1.0	0				0.5688657480004622
41	0	combined	0.6	0.9	0				0.568874808000146
42	0	uniform	1.0	1.0	0				0.5758008030006749
42	0	critical	1.0	0.8	0				0.5758315140001287
42	0	supported	0.8	1.0	0				0.5758423840006799
42	0	combined	0.6	0.9	0				0.5758516539999619
43	3	uniform	1.0	1.0	1	1.0	42	18	0.5899874500000806
43	3	critical	1.0	0.8	1	1.0	42	18	0.5901800450001247
43	3	supported	0.8	1.0	1	1.0	42	18	0.5903513490002297
43	3	combined	0.6	0.9	1	1.0	42	18	0.5905243730003349
44	4	uniform	1.0	1.0	1	0.8333333333333334	51	17	0.5890548679999483
44	4	critical	1.0	0.8	1	0.8333333333333334	42	17	0.5893186339999374
44	4	supported	0.8	1.0	1	0.8333333333333334	46	16	0.5895564600004946
44	4	combined	0.6	0.9	1	0.8333333333333334	46	16	0.589803796000524
45	3	uniform	1.0	1.0	1	0.8888888888888888	51	16	0.5539071819994206
45	3	critical	1.0	0.8	1	0.8888888888888888	51	16	0.5541123670000161
45	3	supported	0.8	1.0	1	0.8888888888888888	51	16	0.5543068209999547
45	3	combined	0.6	0.9	1	0.8888888888888888	51	16	0.5545079959993018
46	1	uniform	1.0	1.0	1	1.0	45	18	0.5631465919996117
46	1	critical	1.0	0.8	1	1.0	45	18	0.5632605049995618
46	1	supported	0.8	1.0	1	1.0	45	18	0.5633610969998699
46	1	combined	0.6	0.9	1	1.0	45	18	0.5634612499998184
47	0	uniform	1.0	1.0	0				0.5769882909999069
47	0	critical	1.0	0.8	0				0.5770212719999108
47	0	supported	0.8	1.0	0				0.5770324820005044
47	0	combined	0.6	0.9	0				0.5770416220002517
48	4	uniform	1.0	1.0	1	0.8888888888888888	47	16	0.5687491250000676
48	4	critical	1.0	0.8	1	0.8888888888888888	47	16	0.568997051000224
48	4	supported	0.8	1.0	1	0.8888888888888888	47	16	0.5692279960003361
48	4	combined	0.6	0.9	1	0.8888888888888888	47	16	0.5694565320000038
49	4	uniform	1.0	1.0	1	1.0	55	18	0.5969079740007146
49	4	critical	1.0	0.8	1	0.7777777777777778	48	17	0.5971589800001311
49	4	supported	0.8	1.0	1	0.7777777777777778	52	17	0.5973831649998829
49	4	combined	0.6	0.9	1	0.7777777777777778	48	17	0.5976211209999747
50	2	uniform	1.0	1.0	1	1.0	60	18	0.5487032290002389
50	2	critical	1.0	0.8	1	1.0	53	18	0.5488681830001951
50	2	supported	0.8	1.0	1	1.0	60	18	0.5490100460001486
50	2	combined	0.6	0.9	1	1.0	53	18	0.5491555200005678
